FILE_NAME,HASH_TOTAL,FILE_FQN
inbound812v4010CockpitRS.ruleset,c6e0813f9559c48c7a13c0a75722cc9804c4ef0f,com.cleo.cic.cockpit.core.n812.inbound.inbound812v4010CockpitRS.ruleset
inbound812v4030CockpitRS.ruleset,81fe901bf8be00f4c6c5ad7857189c822798ef88,com.cleo.cic.cockpit.core.n812.inbound.inbound812v4030CockpitRS.ruleset
inbound812v5010CockpitRS.ruleset,5875bff5648c1b2d75f8fc0ad91aba2150007674,com.cleo.cic.cockpit.core.n812.inbound.inbound812v5010CockpitRS.ruleset
outbound812v4010CockpitRS.ruleset,f97223f595f51b05f3967a0ad1979256035da15c,com.cleo.cic.cockpit.core.n812.outbound.outbound812v4010CockpitRS.ruleset
outbound812v4030CockpitRS.ruleset,e27f8c80823d747dfa85df57901f5eaaa83b41e0,com.cleo.cic.cockpit.core.n812.outbound.outbound812v4030CockpitRS.ruleset
outbound812v5010CockpitRS.ruleset,6668298cb72decb05e76a44732cb40341cf770c2,com.cleo.cic.cockpit.core.n812.outbound.outbound812v5010CockpitRS.ruleset
inbound824v4010CockpitRS.ruleset,6382a3c46e86eb2e3c58dc6a2e9329faee5cf2a1,com.cleo.cic.cockpit.core.n824.inbound.inbound824v4010CockpitRS.ruleset
inbound824v5010CockpitRS.ruleset,8e764ebb58557e3e23f08e6b7cd2bd35f68a341b,com.cleo.cic.cockpit.core.n824.inbound.inbound824v5010CockpitRS.ruleset
outbound824v4010CockpitRS.ruleset,5d879fbca86770e5f72adf73dbe7b927b9855586,com.cleo.cic.cockpit.core.n824.outbound.outbound824v4010CockpitRS.ruleset
outbound824v5010CockpitRS.ruleset,23e580219fa353466e0f3de72d84d14ecf4952ee,com.cleo.cic.cockpit.core.n824.outbound.outbound824v5010CockpitRS.ruleset
outbound214v4010CockpitRS.ruleset,296ca58d4d16c3b539e262bbd5bb06b5143bfb8d,com.cleo.cic.cockpit.core.n214.outbound.outbound214v4010CockpitRS.ruleset
outbound214v4030CockpitRS.ruleset,9eeec690be4b43c4189f234ac99d97753f2ce6e0,com.cleo.cic.cockpit.core.n214.outbound.outbound214v4030CockpitRS.ruleset
outbound214v5010CockpitRS.ruleset,5669d38459906164551efadc6dd60bccd666067e,com.cleo.cic.cockpit.core.n214.outbound.outbound214v5010CockpitRS.ruleset
inbound820v4010CockpitRS.ruleset,f7fee7bb5106d73444bf225eb38fed49a33ea639,com.cleo.cic.cockpit.core.n820.inbound.inbound820v4010CockpitRS.ruleset
inbound820v4030CockpitRS.ruleset,55f90ab908d5d7dd648678427035292127bc0a6f,com.cleo.cic.cockpit.core.n820.inbound.inbound820v4030CockpitRS.ruleset
inbound820v5010CockpitRS.ruleset,aa4cd3ff4b83c200bcd192096aaad209024a52c2,com.cleo.cic.cockpit.core.n820.inbound.inbound820v5010CockpitRS.ruleset
outbound820v4010CockpitRS.ruleset,aa11bcee9363c9fdd77df494cad6b8081919a3a9,com.cleo.cic.cockpit.core.n820.outbound.outbound820v4010CockpitRS.ruleset
outbound820v4030CockpitRS.ruleset,435e1ee05f00874a5b0d9423221628c5df10aea5,com.cleo.cic.cockpit.core.n820.outbound.outbound820v4030CockpitRS.ruleset
outbound820v5010CockpitRS.ruleset,e4a6f6507f097299b569b784f122cc8b2111bef4,com.cleo.cic.cockpit.core.n820.outbound.outbound820v5010CockpitRS.ruleset
inbound810v4010CockpitRS.ruleset,907a04d0e41ca06ea19cb8ff76017310cfbf4131,com.cleo.cic.cockpit.core.n810.inbound.inbound810v4010CockpitRS.ruleset
inbound810v4030CockpitRS.ruleset,dd8588802f9012867bd8410d22f88da7d821e7e5,com.cleo.cic.cockpit.core.n810.inbound.inbound810v4030CockpitRS.ruleset
inbound810v5010CockpitRS.ruleset,c366c24107bceeb5d08cd7d6a559f1d4d9c2da7d,com.cleo.cic.cockpit.core.n810.inbound.inbound810v5010CockpitRS.ruleset
outbound810v4010CockpitRS.ruleset,5ce8d7e9b25b5d998e26c9e76df53bf1fc0bad95,com.cleo.cic.cockpit.core.n810.outbound.outbound810v4010CockpitRS.ruleset
outbound810v4010_NoFACockpitRS.ruleset,65e1afa9faccfda9706992fdb913313ef0614dea,com.cleo.cic.cockpit.core.n810.outbound.outbound810v4010_NoFACockpitRS.ruleset
outbound810v4030CockpitRS.ruleset,e8ae1775d253bbe45130b7f42a42d701fc7cb233,com.cleo.cic.cockpit.core.n810.outbound.outbound810v4030CockpitRS.ruleset
outbound810v4030_NoFACockpitRS.ruleset,9cd116c7175bf7bdb46ce743cb4cefcbbb6dffb6,com.cleo.cic.cockpit.core.n810.outbound.outbound810v4030_NoFACockpitRS.ruleset
outbound810v5010CockpitRS.ruleset,b50ef7aa36da91f221e6fb570e3253bad75fef58,com.cleo.cic.cockpit.core.n810.outbound.outbound810v5010CockpitRS.ruleset
outbound810v5010_NoFACockpitRS.ruleset,70ea8836e56358244970b970f571b23dc4cf4f37,com.cleo.cic.cockpit.core.n810.outbound.outbound810v5010_NoFACockpitRS.ruleset
inbound816v4010CockpitRS.ruleset,327c8d98ad453da529540bef8463c09f9b33b89c,com.cleo.cic.cockpit.core.n816.inbound.inbound816v4010CockpitRS.ruleset
inbound816v4030CockpitRS.ruleset,a963a53abb5567e0bc8754f3345e1b976ffb23ad,com.cleo.cic.cockpit.core.n816.inbound.inbound816v4030CockpitRS.ruleset
inbound816v5010CockpitRS.ruleset,1d74b5a1efaefaa555fbf905988266aaa1b4a8cb,com.cleo.cic.cockpit.core.n816.inbound.inbound816v5010CockpitRS.ruleset
outbound816v4010CockpitRS.ruleset,ebfec493585bf03eff10a2b27a4ad230c9297e92,com.cleo.cic.cockpit.core.n816.outbound.outbound816v4010CockpitRS.ruleset
outbound816v5010CockpitRS.ruleset,36b2ad00c0c67962f3ddbd5eedfa1bcada71ea02,com.cleo.cic.cockpit.core.n816.outbound.outbound816v5010CockpitRS.ruleset
inbound856v4010CockpitRS.ruleset,6f2f8105acd9f099b9d0a17ea3eb051ccfe0d403,com.cleo.cic.cockpit.core.n856.inbound.inbound856v4010CockpitRS.ruleset
inbound856v4030CockpitRS.ruleset,d0dd95986947ef131bd9f370995b94bcc902285d,com.cleo.cic.cockpit.core.n856.inbound.inbound856v4030CockpitRS.ruleset
inbound856v5010CockpitRS.ruleset,83a5cb0f2db8e83fb92ebe99a39334b21fc11ff9,com.cleo.cic.cockpit.core.n856.inbound.inbound856v5010CockpitRS.ruleset
outbound856v4010CockpitRS.ruleset,8e538bf3219accb8e327fa2b13cbb1290678bfec,com.cleo.cic.cockpit.core.n856.outbound.outbound856v4010CockpitRS.ruleset
outbound856v4030CockpitRS.ruleset,a9bf3992a5c83e70030f236a180c389a7f3cdb3f,com.cleo.cic.cockpit.core.n856.outbound.outbound856v4030CockpitRS.ruleset
outbound856v5010CockpitRS.ruleset,71902db2eadf1174f4ca800f8275c488bf384f83,com.cleo.cic.cockpit.core.n856.outbound.outbound856v5010CockpitRS.ruleset
inbound846v4010CockpitRS.ruleset,eda7e34e76d5fe59cd5b1afc26f304d81d540c3d,com.cleo.cic.cockpit.core.n846.inbound.inbound846v4010CockpitRS.ruleset
inbound846v4030CockpitRS.ruleset,a5b0dff354f20c03e51eda28495c824b3313d94c,com.cleo.cic.cockpit.core.n846.inbound.inbound846v4030CockpitRS.ruleset
inbound846v5010CockpitRS.ruleset,0668902cbc5aeae6e4e3c126faa800217ae38859,com.cleo.cic.cockpit.core.n846.inbound.inbound846v5010CockpitRS.ruleset
outbound846v4010CockpitRS.ruleset,4656e65f90ea2aeb1606bb207562a0e02e75be86,com.cleo.cic.cockpit.core.n846.outbound.outbound846v4010CockpitRS.ruleset
outbound846v4010_NoFACockpitRS.ruleset,163b72860500e212c476244a877ca11665374597,com.cleo.cic.cockpit.core.n846.outbound.outbound846v4010_NoFACockpitRS.ruleset
outbound846v4030CockpitRS.ruleset,8aac6425510a241a04af14361cc64e7ab8194ab7,com.cleo.cic.cockpit.core.n846.outbound.outbound846v4030CockpitRS.ruleset
outbound846v5010CockpitRS.ruleset,4fedbf288c55bf80c6f8ff20afcdadaa25146d9b,com.cleo.cic.cockpit.core.n846.outbound.outbound846v5010CockpitRS.ruleset
outbound846v5010_NoFACockpitRS.ruleset,a091a2e71e4686ca9d8bfb4a918773dbc4e79baf,com.cleo.cic.cockpit.core.n846.outbound.outbound846v5010_NoFACockpitRS.ruleset
outbound856v4010CockpitRS.ruleset,98feeeab9046a86130363a33c5ddbcf4e6bfec3b,com.cleo.cic.cockpit.core.n857.outbound.outbound856v4010CockpitRS.ruleset
outbound856v4030CockpitRS.ruleset,b18918e2e683bd46cfaacdb705c5f90bc5806464,com.cleo.cic.cockpit.core.n857.outbound.outbound856v4030CockpitRS.ruleset
outbound856v5010CockpitRS.ruleset,df9968f816f25cfb2b483e3b89a6f0bff6734183,com.cleo.cic.cockpit.core.n857.outbound.outbound856v5010CockpitRS.ruleset
outbound858v4010CockpitRS.ruleset,5adbb4f4ba4450a467398490fad5b14377468528,com.cleo.cic.cockpit.core.n858.outbound.outbound858v4010CockpitRS.ruleset
outbound858v4030CockpitRS.ruleset,67287658c8a28df4ed6950ff4b7ca7fbfd165a71,com.cleo.cic.cockpit.core.n858.outbound.outbound858v4030CockpitRS.ruleset
outbound858v5010CockpitRS.ruleset,6a26049bef02dec46c6fb02c9f80ac4c57a37e3b,com.cleo.cic.cockpit.core.n858.outbound.outbound858v5010CockpitRS.ruleset
inbound830v4010CockpitRS.ruleset,65d5403f03cb192a14d4e4fae6265c21dd15bbd3,com.cleo.cic.cockpit.core.n830.inbound.inbound830v4010CockpitRS.ruleset
inbound830v4030CockpitRS.ruleset,0996f007e7f95a35b06896b5a558f72ea61200d0,com.cleo.cic.cockpit.core.n830.inbound.inbound830v4030CockpitRS.ruleset
inbound830v5010CockpitRS.ruleset,d9433f69a37c09b8cf61d48f79b2ef7d7c92fb1e,com.cleo.cic.cockpit.core.n830.inbound.inbound830v5010CockpitRS.ruleset
inbound852v4010CockpitRS.ruleset,9d216733f7006df69a9cb6116416fab145e7aa96,com.cleo.cic.cockpit.core.n852.inbound.inbound852v4010CockpitRS.ruleset
inbound852v4030CockpitRS.ruleset,0e1388357904a354e143bf027b7069faae717875,com.cleo.cic.cockpit.core.n852.inbound.inbound852v4030CockpitRS.ruleset
inbound852v5010CockpitRS.ruleset,4f3445b2d78ec6ed814032339f785dd30da6c16b,com.cleo.cic.cockpit.core.n852.inbound.inbound852v5010CockpitRS.ruleset
outbound852v4010CockpitRS.ruleset,3392ffd3e751279f8ceb0b07f193b2e737a45f9c,com.cleo.cic.cockpit.core.n852.outbound.outbound852v4010CockpitRS.ruleset
outbound852v5010CockpitRS.ruleset,58ef9d3504b3ed27cc0e07032ee8b3ed7de6fb80,com.cleo.cic.cockpit.core.n852.outbound.outbound852v5010CockpitRS.ruleset
inbound832v4010CockpitRS.ruleset,836dad8d1d84a0a2841d6949e68b9276178ef9ec,com.cleo.cic.cockpit.core.n832.inbound.inbound832v4010CockpitRS.ruleset
inbound832v5010CockpitRS.ruleset,459e6488c29a750d5b071dc0c5ed61ad6ad21c60,com.cleo.cic.cockpit.core.n832.inbound.inbound832v5010CockpitRS.ruleset
outbound832v4010CockpitRS.ruleset,a8c2ab5c6bbbba82ac0274ff2fba33a650f631c0,com.cleo.cic.cockpit.core.n832.outbound.outbound832v4010CockpitRS.ruleset
outbound832v4030CockpitRS.ruleset,9b993a851d27889591e8eebad04a3043bdad9c72,com.cleo.cic.cockpit.core.n832.outbound.outbound832v4030CockpitRS.ruleset
inbound855v4010CockpitRS.ruleset,09e52147c71d4d6301cd077bdf26bca5e96ce800,com.cleo.cic.cockpit.core.n855.inbound.inbound855v4010CockpitRS.ruleset
inbound855v4030CockpitRS.ruleset,4b23494055026a3a55798771234c00f0be911444,com.cleo.cic.cockpit.core.n855.inbound.inbound855v4030CockpitRS.ruleset
inbound855v5010CockpitRS.ruleset,df9e8709b467cd224a13355381cbfc4787e026a8,com.cleo.cic.cockpit.core.n855.inbound.inbound855v5010CockpitRS.ruleset
outbound855v4010CockpitRS.ruleset,ce1711c192932e1ed9f61fc2639f262d763a5f3c,com.cleo.cic.cockpit.core.n855.outbound.outbound855v4010CockpitRS.ruleset
outbound855v4010_NoFACockpitRS.ruleset,8c1950b2de24e8cf76837d9aa642b3377bc6ba62,com.cleo.cic.cockpit.core.n855.outbound.outbound855v4010_NoFACockpitRS.ruleset
outbound855v4030CockpitRS.ruleset,2b9695fb8fc765e233cb5f56caa516d0112cac4b,com.cleo.cic.cockpit.core.n855.outbound.outbound855v4030CockpitRS.ruleset
outbound855v5010CockpitRS.ruleset,d279510ff9637ba0302972faa7d7d192a6dc40f1,com.cleo.cic.cockpit.core.n855.outbound.outbound855v5010CockpitRS.ruleset
inbound860v4010CockpitRS.ruleset,7083018f24c93f0c7a91a3e7c4300fef5871a1ab,com.cleo.cic.cockpit.core.n860.inbound.inbound860v4010CockpitRS.ruleset
inbound860v4030CockpitRS.ruleset,134774baf7758d5a132655cfe57782f05cb10ac3,com.cleo.cic.cockpit.core.n860.inbound.inbound860v4030CockpitRS.ruleset
inbound860v5010CockpitRS.ruleset,caf18129539c80a8e73a28e315427810d63a615e,com.cleo.cic.cockpit.core.n860.inbound.inbound860v5010CockpitRS.ruleset
inbound850v3050CockpitRS.ruleset,95301f92115ed917fb7d26a7b0b1024088054174,com.cleo.cic.cockpit.core.n850.inbound.inbound850v3050CockpitRS.ruleset
inbound850v4010CockpitRS.ruleset,bb383cc17b7e2172505fec1c2575e1cc7bcdcbb5,com.cleo.cic.cockpit.core.n850.inbound.inbound850v4010CockpitRS.ruleset
inbound850v4030CockpitRS.ruleset,b4a5e83679c877685b65afd20a12966d85d86322,com.cleo.cic.cockpit.core.n850.inbound.inbound850v4030CockpitRS.ruleset
inbound850v4030_NoFACockpitRS.ruleset,f910a2816697c2874947aa1866a9d596fca2ac91,com.cleo.cic.cockpit.core.n850.inbound.inbound850v4030_NoFACockpitRS.ruleset
inbound850v5010CockpitRS.ruleset,2aa390f231474db8cd395b80933f551c1ea3ca7f,com.cleo.cic.cockpit.core.n850.inbound.inbound850v5010CockpitRS.ruleset
outbound850v3050CockpitRS.ruleset,144633a919fcbac1df8934ea28a3a9ac5eed972c,com.cleo.cic.cockpit.core.n850.outbound.outbound850v3050CockpitRS.ruleset
outbound850v4010CockpitRS.ruleset,6d1983a9ff23ead8959875d03d7cace401ecc939,com.cleo.cic.cockpit.core.n850.outbound.outbound850v4010CockpitRS.ruleset
outbound850v4030CockpitRS.ruleset,0da17b3a1309c291466ff8d74aaab87e551fb068,com.cleo.cic.cockpit.core.n850.outbound.outbound850v4030CockpitRS.ruleset
outbound850v5010CockpitRS.ruleset,1b8dc8784121332f5a6c57a568ee50122350ce20,com.cleo.cic.cockpit.core.n850.outbound.outbound850v5010CockpitRS.ruleset
outbound889v4010CockpitRS.ruleset,ac654b14f39a92ed237887416f538a66b8b31ded,com.cleo.cic.cockpit.core.n889.outbound.outbound889v4010CockpitRS.ruleset
outbound889v4030CockpitRS.ruleset,362fb7509fd3e363f65d9003655494c50cf46409,com.cleo.cic.cockpit.core.n889.outbound.outbound889v4030CockpitRS.ruleset
outbound889v5010CockpitRS.ruleset,cd8df5df0c5d4cb2d0c6ba8b342d031170375194,com.cleo.cic.cockpit.core.n889.outbound.outbound889v5010CockpitRS.ruleset
outbound879v4010CockpitRS.ruleset,008b005472c3bbccd7f036d03a8e60ec8b03abc6,com.cleo.cic.cockpit.core.n879.outbound.outbound879v4010CockpitRS.ruleset
outbound879v4030CockpitRS.ruleset,190e65bab8f1d942f7ccd153f8a8c1390336ab29,com.cleo.cic.cockpit.core.n879.outbound.outbound879v4030CockpitRS.ruleset
outbound879v5010CockpitRS.ruleset,7e7bf1bb346a73ac552e17a9e8fbac63944e68ec,com.cleo.cic.cockpit.core.n879.outbound.outbound879v5010CockpitRS.ruleset
inbound864v4010CockpitRS.ruleset,324e74e4b634f31e060930891af6f44a473b4f79,com.cleo.cic.cockpit.core.n864.inbound.inbound864v4010CockpitRS.ruleset
inbound864v4030CockpitRS.ruleset,2d7fa148ddc2b67ae38fcefd9376d61d63efa591,com.cleo.cic.cockpit.core.n864.inbound.inbound864v4030CockpitRS.ruleset
inbound864v5010CockpitRS.ruleset,893cda2b69dd5edd681af9d59f3c54b221e6e60d,com.cleo.cic.cockpit.core.n864.inbound.inbound864v5010CockpitRS.ruleset
outbound864v4010CockpitRS.ruleset,863d6a7e1b81164c5ffb7894a011556d1ae6667b,com.cleo.cic.cockpit.core.n864.outbound.outbound864v4010CockpitRS.ruleset
outbound864v4030CockpitRS.ruleset,ebb1c167ae9574411ff32b2422bfa4310d4d392a,com.cleo.cic.cockpit.core.n864.outbound.outbound864v4030CockpitRS.ruleset
outbound864v5010CockpitRS.ruleset,e5caed4f3e426e3d9e77c2d6cfca9d1dab458f40,com.cleo.cic.cockpit.core.n864.outbound.outbound864v5010CockpitRS.ruleset
inbound875v4010CockpitRS.ruleset,dd058bcc4047ef2a13cc23996a0d0d25a21d18c8,com.cleo.cic.cockpit.core.n875.inbound.inbound875v4010CockpitRS.ruleset
inbound875v4030CockpitRS.ruleset,fe34bfb0bbd7806b5401ab85e8eb706e13fcc534,com.cleo.cic.cockpit.core.n875.inbound.inbound875v4030CockpitRS.ruleset
inbound875v5010CockpitRS.ruleset,da2b283cd48f4865c835fe5d10e575ec4795bc0f,com.cleo.cic.cockpit.core.n875.inbound.inbound875v5010CockpitRS.ruleset
outbound888v4010CockpitRS.ruleset,5d585e5ca3b2bf8a5a7a372b9c334cb3e1068e2a,com.cleo.cic.cockpit.core.n888.outbound.outbound888v4010CockpitRS.ruleset
outbound888v4030CockpitRS.ruleset,9dfd730a89b33885d619b99c95770f70f84882a0,com.cleo.cic.cockpit.core.n888.outbound.outbound888v4030CockpitRS.ruleset
outbound888v5010CockpitRS.ruleset,ba9593fe17394a079019f651b9736e36cb900d4e,com.cleo.cic.cockpit.core.n888.outbound.outbound888v5010CockpitRS.ruleset
outbound870v4010CockpitRS.ruleset,c42202ffff59e9c7d26ac1c9398a78e423b6997e,com.cleo.cic.cockpit.core.n870.outbound.outbound870v4010CockpitRS.ruleset
outbound870v4030CockpitRS.ruleset,5daa16ec4f13aa4a606c6f26a9ee32c294f94179,com.cleo.cic.cockpit.core.n870.outbound.outbound870v4030CockpitRS.ruleset
outbound870v5010CockpitRS.ruleset,86b9c32d4346546e729ed0f0e319e3977b7f640d,com.cleo.cic.cockpit.core.n870.outbound.outbound870v5010CockpitRS.ruleset
outbound882v4010CockpitRS.ruleset,9ffc10cbf8414b1a97e2ce7de55b11e92a089da6,com.cleo.cic.cockpit.core.n882.outbound.outbound882v4010CockpitRS.ruleset
outbound882v4030CockpitRS.ruleset,2ef3f26412c2f44e711ec95aa1ea95a5f8fbce2c,com.cleo.cic.cockpit.core.n882.outbound.outbound882v4030CockpitRS.ruleset
outbound882v5010CockpitRS.ruleset,59fdd0d8a9e90ec191e5c7535086d61d5edb82ed,com.cleo.cic.cockpit.core.n882.outbound.outbound882v5010CockpitRS.ruleset
outbound894v4010CockpitRS.ruleset,c3a701d8b44ef324bf020c6475a1bb469b8cafbb,com.cleo.cic.cockpit.core.n894.outbound.outbound894v4010CockpitRS.ruleset
outbound894v4030CockpitRS.ruleset,94d199a6533d98bcc87756814467a20737a94b8d,com.cleo.cic.cockpit.core.n894.outbound.outbound894v4030CockpitRS.ruleset
outbound894v5010CockpitRS.ruleset,6665bec4e600252595bd08776a408ce62c348189,com.cleo.cic.cockpit.core.n894.outbound.outbound894v5010CockpitRS.ruleset
inbound895v4010CockpitRS.ruleset,88c8b37fa32345d4c79867d4601b9f709c4c4003,com.cleo.cic.cockpit.core.n895.inbound.inbound895v4010CockpitRS.ruleset
inbound895v4030CockpitRS.ruleset,b0dca19fe622b12cb597db0de2a60c0172f55d8c,com.cleo.cic.cockpit.core.n895.inbound.inbound895v4030CockpitRS.ruleset
inbound895v5010CockpitRS.ruleset,f74a193b7fb6514eaf3d47b710a87c1894cf4ff2,com.cleo.cic.cockpit.core.n895.inbound.inbound895v5010CockpitRS.ruleset
outbound880v4010CockpitRS.ruleset,0e777394d0da683a3f06b76f7ac68a9bd7caab64,com.cleo.cic.cockpit.core.n880.outbound.outbound880v4010CockpitRS.ruleset
outbound880v4010_NoFACockpitRS.ruleset,96e718002a166719e4c37c2dce98aeea21b23ccb,com.cleo.cic.cockpit.core.n880.outbound.outbound880v4010_NoFACockpitRS.ruleset
outbound880v4030CockpitRS.ruleset,d2a23af04a1f20691dd8e211fe0596c1f1727995,com.cleo.cic.cockpit.core.n880.outbound.outbound880v4030CockpitRS.ruleset
outbound880v5010CockpitRS.ruleset,4d1fe852181cf285ba069f65f1431292bf4b3a5b,com.cleo.cic.cockpit.core.n880.outbound.outbound880v5010CockpitRS.ruleset
outbound855v4010CockpitRS.ruleset,c4ee19be22bc1a2ad7a4d64e59a98d02844381ae,com.kehe.core.edi.outbound.n855.outbound855v4010CockpitRS.ruleset
outboundSupplier812v5010CockpitRS.ruleset,1822a7cd3a0d808d00b1cc729072ea035cca3adb,com.kehe.core.supplier.outbound.n812.outboundSupplier812v5010CockpitRS.ruleset
outboundSupplier850v5010CockpitRS.ruleset,9d00163ca4928222bae10754dc5e864dc5d46532,com.kehe.core.supplier.outbound.n850.outboundSupplier850v5010CockpitRS.ruleset
inboundErrorCockpitRS.ruleset,2a5ebe14b1359563eb5ad9c34b534ea704cc1a5e,com.cleo.cic.cockpit.core.inbound.inboundErrorCockpitRS.ruleset
outboundErrorCockpitRS.ruleset,473a00dcb4297243e2122321154e6d2d5324723a,com.cleo.cic.cockpit.core.outbound.outboundErrorCockpitRS.ruleset
inbound875v4010CockpitRS.ruleset,cb7646bd82995cdd908f7d26bdfc5e5b66046fa9,com.kehe.edi.BrookshireBros.inbound.n875.inbound875v4010CockpitRS.ruleset
sprouts850v5010CockpitRS.ruleset,a8c1a492c939b4b6edd9ecfce5040b46a24f8b59,com.kehe.edi.Sprouts.inbound.n850.sprouts850v5010CockpitRS.ruleset
awg875v5010CockpitRS.ruleset,07d2916721345bc6ff8ca8b985f44203c8256ce0,com.kehe.edi.awg.inbound.n875.awg875v5010CockpitRS.ruleset
awg880v5010CockpitRS.ruleset,f60d8b04cfb6b8a0e76fff91d67e157a15ed5ff2,com.kehe.edi.awg.outbound.n880.awg880v5010CockpitRS.ruleset
dollarGeneral850v4010CockpitRS.ruleset,19d2f870e88991b8d9c80079d092baf363cd207d,com.kehe.edi.dollarGeneral_v4010.inbound.n850.dollarGeneral850v4010CockpitRS.ruleset
awg880v5010CockpitRS.ruleset,dd57017104153eff6f83a8ae5a06a0caeb8b7e49,com.kehe.edi.awg.outbound.n880.awg880v5010CockpitRS.ruleset
